Sno.,Area,City,State,Construction year,Motar Power,Head,Discharge,Per day (MLD),Lat,Long,Zone,Zone_Color
1,Sunderwala no. 1,Dehradun,Uttarakhand,2012,62,140,1500,0.45,30.34195,78.05602,Raipur,1
2,Sunderwala no. 2,Dehradun,Uttarakhand,2012,40,90,1500,0.45,30.34496,78.048,Raipur,1
3,Nehrugram (primary school),Dehradun,Uttarakhand,2010,62,110,1500,0.45,30.29546,78.08036,Raipur,1
4,Lower Nehrunagar,Dehradun,Uttarakhand,2014,75,110,1800,0.54,30.28839,78.09026,Raipur,1
5,Lower Nathanpur no. 1 (Shantikunj Main),Dehradun,Uttarakhand,2014,40,100,1000,0.3,30.281655,78.075687,Raipur,1
6,Lower Nathanpur primary school mini,Dehradun,Uttarakhand,2015,40,100,1000,0.3,30.28645,78.07405,Raipur,1
7,Nathanpur,Dehradun,Uttarakhand,2006,75,110,2000,0.6,30.30078,78.07232,Raipur,1
8,Ayudh vihar,Dehradun,Uttarakhand,2016,33,90,500,0.15,30.30325,78.08133,Raipur,1
9,Vivekanand Mini,Dehradun,Uttarakhand,20,25,90,600,0.18,30.28423,78.06772,Raipur,1
10,Rajeshwaripuram mini,Dehradun,Uttarakhand,2005,17,90,400,0.12,30.281274,78.072317,Raipur,1
11,Tunwala (Bangakhala),Dehradun,Uttarakhand,2001,75,110,1500,0.45,30.29477,78.09665,Raipur,1
12,Upper Tunawala no. 2,Dehradun,Uttarakhand,2014,52,110,1500,0.45,30.27833,78.09086,Raipur,1
13,Lower Tunwala no. 3,Dehradun,Uttarakhand,2016,52,100,500,0.15,30.275598,78.093827,Raipur,1
14,Bachet (Buster pump mini),Dehradun,Uttarakhand,NA,25,90,250,0.075,21.370031,74.240347,Raipur,1
15,Maaldevta,Dehradun,Uttarakhand,2010,85,175,1500,0.45,30.33638,78.1442,Raipur,1
16,Raipur Animal Husbandry,Dehradun,Uttarakhand,2006,52,120,1000,0.3,30.33518,78.08192,Raipur,1
17,Upper Nathanpur,Dehradun,Uttarakhand,2005,25,120,500,0.15,30.30078,78.07232,Raipur,1
18,Nathanpur 7 number puliya ,Dehradun,Uttarakhand,2004,25,90,600,0.18,30.28414,78.07765,Raipur,1
19,Tunwala no 4,Dehradun,Uttarakhand,2013,52,110,1500,0.45,30.27833,78.09086,Raipur,1
20,Shatabdi Enclave mini,Dehradun,Uttarakhand,2013,25,90,500,0.15,30.28894,78.07156,Raipur,1
21,Kesar wala mini,Dehradun,Uttarakhand,2006,25,90,800,0.24,30.32981,78.10862,Raipur,1
22,Siddh vihar Nehrugram,Dehradun,Uttarakhand,2018,52,120,1000,0.3,30.28824,78.08565,Raipur,1
23,Ambedkar Basti Nathanpur,Dehradun,Uttarakhand,2020,52,130,1200,0.36,30.29546,78.08036,Raipur,1
24,Jwalpa Vijar Mohkampur,Dehradun,Uttarakhand,2018,40,130,1000,0.3,30.27723,78.075017,Raipur,1
25,Mohkampur (Jogiwala chowk),Dehradun,Uttarakhand,2015,40,110,1000,0.3,30.28828,78.0642,Raipur,1
26,Jwalpa Vihar (friends colony),Dehradun,Uttarakhand,2005,20,120,100,0.03,30.27793,78.074649,Raipur,1
27,Gadhvihar,Dehradun,Uttarakhand,2005,17.5,90,450,0.135,30.34592,78.04397,Raipur,1
28,Pravesh Vihar,Dehradun,Uttarakhand,2011,41,120,700,0.21,30.270006,78.05385,Raipur,1
29,Navada 1 (Bans mini),Dehradun,Uttarakhand,1998,25,100,600,0.18,30.266382,78.059977,Raipur,1
30,Navada 3 (Kotla),Dehradun,Uttarakhand,NA,52,120,500,0.15,30.267411,78.059462,Raipur,1
31,Navada (Near Jungalt),Dehradun,Uttarakhand,2019,52,120,1200,0.36,30.267179,78.061779,Raipur,1
32,vaibhav Vihar (Navada),Dehradun,Uttarakhand,2016,52,120,1200,0.36,30.32192,78.00354,Raipur,1
33,Mini Mussoorie,Dehradun,Uttarakhand,2006,5,100,130,0.039,30.25987,78.05694,Raipur,1
34,Badripur 1,Dehradun,Uttarakhand,2006,62,100,1600,0.48,30.2778,78.07184,Raipur,1
35,Badripur 2,Dehradun,Uttarakhand,2019,52,120,1200,0.36,30.28439,78.06562,Raipur,1
36,Majri (Krishna puram),Dehradun,Uttarakhand,2011,25,110,1400,0.42,30.274644,78.068585,Raipur,1
37,Majri Mafi no. 1 (Kalinga Vihar),Dehradun,Uttarakhand,2004,25,110,500,0.15,30.270525,78.070457,Raipur,1
38,Majri Mafi no 2,Dehradun,Uttarakhand,NA,20,90,600,0.18,30.264966,78.070865,Raipur,1
39,Shiv Shakti Vihar,Dehradun,Uttarakhand,2018,40,130,800,0.24,30.2978,78.00533,Raipur,1
40,Nathuwala 1,Dehradun,Uttarakhand,2006,62,110,1500,0.45,30.27559,78.10832,Raipur,1
41,Nathuwala 2,Dehradun,Uttarakhand,2006,62,110,1500,0.45,30.2812,78.10309,Raipur,1
42,Nathwala 3(jalnigam),Dehradun,Uttarakhand,2016,40,100,1000,0.3,30.285528,78.103239,Raipur,1
43,Gunjrowali mini,Dehradun,Uttarakhand,2005,25,100,600,0.18,30.281479,78.104356,Raipur,1
44,Bhartu Chowk,Dehradun,Uttarakhand,2017,52,100,1500,0.45,30.28307,78.10813,Raipur,1
45,Balawala Chandigarh Muhalla,Dehradun,Uttarakhand,2005,75,90,2000,0.6,30.26687,78.10652,Raipur,1
46,Balawala Bhagwandas chowk,Dehradun,Uttarakhand,2016,52,100,1500,0.45,30.25975,78.1228,Raipur,1
47,Banswaa (Jal Nigam),Dehradun,Uttarakhand,2016,60,110,1000,0.3,30.30798,78.05973,Raipur,1
48,Shamshergarh no 2,Dehradun,Uttarakhand,2016,50,90,1500,0.45,30.26804,78.11648,Raipur,1
49,Puspvihar Mini,Dehradun,Uttarakhand,2005,25,90,800,0.24,30.283182,78.09515,Raipur,1
50,Shamsherghar 1 mini,Dehradun,Uttarakhand,2007,25,90,700,0.21,30.267919,78.116451,Raipur,1
51,Shamshergarh 3,Dehradun,Uttarakhand,2019,52,100,1500,0.45,30.267919,78.116451,Raipur,1
52,Miyawala 1,Dehradun,Uttarakhand,2004,62,90,2000,0.6,30.33223,78.00919,Raipur,1
53,Miyawala 2,Dehradun,Uttarakhand,2016,52,100,1000,0.3,30.26696,78.09086,Raipur,1
54,Kuwawala 1,Dehradun,Uttarakhand,2013,40,90,1000,0.3,30.31649,78.03219,Raipur,1
55,Kuwawala 2,Dehradun,Uttarakhand,2005,40,110,1000,0.3,30.27924,77.99072,Raipur,1
56,Sanikbasti Nakraunda,Dehradun,Uttarakhand,2013,62,90,500,0.15,30.234239,78.123741,Raipur,1
57,Nakraunda Mini,Dehradun,Uttarakhand,2012,25,90,500,0.15,30.243432,78.116192,Raipur,1
58,Laxman Sidh mini,Dehradun,Uttarakhand,2006,17,90,350,0.105,30.24769,78.08386,Raipur,1
59,Upper Nakraunda,Dehradun,Uttarakhand,2019,52,100,1500,0.45,30.23341,78.12793,Raipur,1
60,Lower Nakraunda,Dehradun,Uttarakhand,2019,52,90,1500,0.45,30.23341,78.12793,Raipur,1
61,Saraswati Vihar ,Dehradun,Uttarakhand,2003,62,110,1600,0.48,30.29168,78.03523,Raipur,1
62,Mata mandir(Ajabpur),Dehradun,Uttarakhand,1979,52,NA,1400,0.42,30.29821,78.04058,Raipur,1
63,Ganesh vihar,Dehradun,Uttarakhand,2014,52,100,1600,0.48,30.29222,78.04878,Raipur,1
64,Saraswati Vihar C block,Dehradun,Uttarakhand,2016,60,100,1600,0.48,30.29348,78.03559,Raipur,1
65,Shiv mandir (Ajabpur),Dehradun,Uttarakhand,1999,85,100,2200,0.66,30.29851,78.04243,Raipur,1
66,Ajabpur (Haridwar bypass road) Old,Dehradun,Uttarakhand,2006,62,100,1500,0.45,30.2948,78.04549,Raipur,1
67,Shastri Nagar,Dehradun,Uttarakhand,2002,85,100,2200,0.66,30.28928,78.05798,Raipur,1
68,Friends Enclave Gorakhpur,Dehradun,Uttarakhand,2006,40,110,1000,0.3,30.28617,78.05436,Raipur,1
69,Kedarpuram 1,Dehradun,Uttarakhand,1997,40,100,1400,0.42,30.28685,78.07203,Raipur,1
70,Kedarpuram 2,Dehradun,Uttarakhand,2010,52,100,1800,0.54,30.27651,78.04711,Raipur,1
71,Rajiv Nagar,Dehradun,Uttarakhand,1990,85,120,1800,0.54,30.29507,78.06014,Raipur,1
72,Rajiv Nagar Danda,Dehradun,Uttarakhand,2013,52,110,2000,0.6,30.29507,78.06014,Raipur,1
73,Dianasaur Park new,Dehradun,Uttarakhand,2010,52,110,1500,0.45,30.2948,78.04549,Raipur,1
74,Saraswati Vihar E-Block,Dehradun,Uttarakhand,2010,25,100,300,0.09,30.29206,78.03166,Raipur,1
75,Vidhansabha,Dehradun,Uttarakhand,2016,25,100,1000,0.3,30.29355,78.05752,Raipur,1
76,Divya Vuhar ( Upper rajiv nagar),Dehradun,Uttarakhand,2006,25,90,400,0.12,30.30403,78.06368,Raipur,1
77,Niranjanpur no. 1,Dehradun,Uttarakhand,2003,85,120,2500,1.5,30.298357,78.011445,South Zone,2
78,Niranjanpur no. 2,Dehradun,Uttarakhand,1966,85,120,2500,1.5,30.301506,78.016123,South Zone,2
79,Niranjanpur no. 3,Dehradun,Uttarakhand,1985,85,120,2500,1.5,30.297797,78.016862,South Zone,2
80,Niranjanpur no. 4,Dehradun,Uttarakhand,1987,85,120,2500,1.5,30.297044,78.006835,South Zone,2
81,Matawala Bagh,Dehradun,Uttarakhand,1991,85,120,2500,1.5,30.315286,78.023567,South Zone,2
82,Hindu National School,Dehradun,Uttarakhand,2006,85,120,2000,1.2,30.318865,78.022558,South Zone,2
83,Tehsil Parisar,Dehradun,Uttarakhand,2009,85,120,2000,1.2,27.931858,76.852862,South Zone,2
84,Khudbuda city board school,Dehradun,Uttarakhand,1991,75,110,1800,1.08,30.322406,78.025771,South Zone,2
85,Jhanda Muhalla (Indresh Nagar),Dehradun,Uttarakhand,2009,75,120,1500,0.9,30.317348,78.031889,South Zone,2
86,Khudbuda guru ram rai school,Dehradun,Uttarakhand,2007,75,120,2000,1.2,30.32488,78.029695,South Zone,2
87,MDDA Gandhi gram,Dehradun,Uttarakhand,2006,62,120,1500,0.9,30.321401,78.018324,South Zone,2
88,Tagore Villa Ansari marg,Dehradun,Uttarakhand,2010,62,120,1500,0.9,30.326053,78.033947,South Zone,2
89,Patel Nagar,Dehradun,Uttarakhand,2003,62,120,2000,1.2,30.309491,78.020414,South Zone,2
90,Pathri Bagh,Dehradun,Uttarakhand,2010,62,120,1500,0.9,30.300582,78.026263,South Zone,2
91,Dehrakhas,Dehradun,Uttarakhand,2010,52,50,2000,1.2,30.299791,78.019905,South Zone,2
92,Gandhi gram new,Dehradun,Uttarakhand,2015,85,120,2500,1.5,30.358879,78.028894,South Zone,2
93,Chandar nagar,Dehradun,Uttarakhand,1998,100,120,2500,1.5,30.31228,78.042875,South Zone,2
94,Nehru Colony No 1,Dehradun,Uttarakhand,1967,75,65,2400,1.44,30.30275,78.055522,South Zone,2
95,"Nehru Colony No 2, Dharmapur office",Dehradun,Uttarakhand,1967,75,65,2000,1.2,30.298882,78.058651,South Zone,2
96,Nehru Colony No 3,Dehradun,Uttarakhand,1981,62,120,1500,0.9,30.301472,78.055797,South Zone,2
97,Nehru Colony No 4,Dehradun,Uttarakhand,1986,85,120,2000,1.2,30.301507,78.055937,South Zone,2
98,Nehru Colony No 5,Dehradun,Uttarakhand,1989,100,120,2500,1.5,30.301764,78.055737,South Zone,2
99,I-Block Park,Dehradun,Uttarakhand,1993,85,120,2500,1.5,30.301822,78.057681,South Zone,2
100,I-Block river side,Dehradun,Uttarakhand,1993,85,120,2500,1.5,30.301655,78.057971,South Zone,2
101,Sanjay Colony,Dehradun,Uttarakhand,1993,85,120,2500,1.5,30.311593,78.017235,South Zone,2
102,Nagar Palika,Dehradun,Uttarakhand,1987,100,120,2500,1.5,30.454613,78.083128,South Zone,2
103,Banny School,Dehradun,Uttarakhand,1998,85,120,2000,1.2,30.30847,78.044454,South Zone,2
104,Karjan road,Dehradun,Uttarakhand,2001,85,120,2000,1.2,30.316732,78.055074,South Zone,2
105,Rafael home,Dehradun,Uttarakhand,1992,75,120,1800,1.08,30.30533,78.065675,South Zone,2
106,Inder road,Dehradun,Uttarakhand,2006,62,120,1500,0.9,30.31208,78.057405,South Zone,2
107,Women ITI,Dehradun,Uttarakhand,2010,62,120,1500,0.9,30.323005,78.051294,South Zone,2
108,Sanjay colony(Inder colony),Dehradun,Uttarakhand,2010,40,120,1000,0.6,30.30875,78.063952,South Zone,2
109,Old jail Campus,Dehradun,Uttarakhand,2010,40,120,1000,0.6,30.339293,77.932308,South Zone,2
110,Nehru colony H block,Dehradun,Uttarakhand,2016,85,120,2000,1.2,30.29901,78.058802,South Zone,2
111,Tyagi road MDDA park,Dehradun,Uttarakhand,2016,85,120,2000,1.2,30.311468,78.036612,South Zone,2
112,Gandhi Park,Dehradun,Uttarakhand,1985,85,120,2500,1.5,30.326165,78.045086,South Zone,2
113,Badrinath colony,Dehradun,Uttarakhand,1996,100,120,2500,1.5,30.336438,78.040667,South Zone,2
114,Tibet Market,Dehradun,Uttarakhand,1975,85,120,2000,1.2,30.323091,78.04696,South Zone,2
115,Tagore Villa,Dehradun,Uttarakhand,2001,85,120,2000,1.2,30.327671,78.034273,South Zone,2
116,Survey Chowk,Dehradun,Uttarakhand,1975,75,110,1500,0.9,30.324825,78.051827,South Zone,2
117,Karanpur,Dehradun,Uttarakhand,1991,75,140,1500,0.9,30.328863,78.053571,South Zone,2
118,DAV College,Dehradun,Uttarakhand,2010,75,170,1200,0.72,30.328695,78.055475,South Zone,2
119,Dobhalwala,Dehradun,Uttarakhand,1989,40,140,800,0.48,30.333288,78.04648,South Zone,2
120,Chukkhuwala behind head post office,Dehradun,Uttarakhand,2016,62,170,1000,0.6,29.869731,77.887992,South Zone,2
121,Nehru Colony I-Block OHT Campus,Dehradun,Uttarakhand,2016,85,120,2000,1.2,30.301923,78.057767,South Zone,2
122,Tyagi road Madrasi colony,Dehradun,Uttarakhand,2016,85,120,2000,1.2,30.311311,78.036215,South Zone,2
123,Kusum Vihar,Dehradun,Uttarakhand,2016,62,120,2000,1.2,30.306475,78.034598,South Zone,2
124,Dehrakhas near Surkunda mandir,Dehradun,Uttarakhand,2016,85,120,2000,1.2,30.299939,78.019862,South Zone,2
125,Pritam road,Dehradun,Uttarakhand,2017,75,120,2000,1.2,30.311009,78.056545,South Zone,2
126,Cement road,Dehradun,Uttarakhand,2017,75,120,1500,0.9,30.330033,78.060577,South Zone,2
127,Dharmpur(Dispensery),Dehradun,Uttarakhand,2017,100,120,2000,1.2,30.299855,78.056289,South Zone,2
128,Matawala Bagh 2,Dehradun,Uttarakhand,2017,85,120,2000,1.2,30.315082,78.022987,South Zone,2
129,Sanjay colony Mohini road,Dehradun,Uttarakhand,2017,75,120,1800,1.08,30.30889,78.057003,South Zone,2
130,Kanak,Dehradun,Uttarakhand,2017,85,130,1800,1.08,30.32678,78.047699,South Zone,2
131,Municiple road,Dehradun,Uttarakhand,2017,85,160,1500,0.9,30.318603,78.054719,South Zone,2
132,Rajpur road GGIC campus,Dehradun,Uttarakhand,2018,40,160,1500,0.9,30.328245,78.045949,South Zone,2
133,Race course,Dehradun,Uttarakhand,2018,40,160,800,0.48,30.317428,78.045553,South Zone,2
134,Hathi Badkala,Dehradun,Uttarakhand,2018,75,190,1000,0.6,30.348995,78.05314,South Zone,2
135,Parade Ground,Dehradun,Uttarakhand,2018,100,120,1500,0.9,30.324289,78.048764,South Zone,2
136,Prakash Vihar,Dehradun,Uttarakhand,2018,60,120,1500,0.9,30.295569,78.05077,South Zone,2
137,Narayan Vihar,Dehradun,Uttarakhand,2018,40,120,1000,0.6,30.296354,78.029909,South Zone,2
138,Madhoram Quarter,Dehradun,Uttarakhand,2019,75,150,1500,0.9,30.365967,78.070545,South Zone,2
139,Brijlok Colony,Dehradun,Uttarakhand,2019,62,190,1000,0.6,28.375867,79.422313,South Zone,2
140,Vijay Colony Old,Dehradun,Uttarakhand,1993,20,120,200,0.12,27.200967,78.018424,South Zone,2
141,Vijay Colony New,Dehradun,Uttarakhand,2011,20,120,300,0.18,27.207385,78.017147,South Zone,2
142,Vijay colony Kora,Dehradun,Uttarakhand,2006,5,120,180,0.108,17.394128,78.450317,South Zone,2
143,Indira colony New shikhar Sandesh,Dehradun,Uttarakhand,2006,20,120,400,0.24,28.654715,77.138542,South Zone,2
144,Nilkanth VIhar,Dehradun,Uttarakhand,2006,25,120,300,0.18,30.340618,78.042454,South Zone,2
145,Hathi Badkala,Dehradun,Uttarakhand,2010,20,120,200,0.12,30.344227,78.048214,South Zone,2
146,Adharsh Vihar,Dehradun,Uttarakhand,2005,15,120,100,0.06,30.321575,78.066596,South Zone,2
147,Bandro wali gali,Dehradun,Uttarakhand,2011,5,110,500,0.3,27.900613,78.085224,South Zone,2
148,Ritha Mandi Muslim colony,Dehradun,Uttarakhand,2007,25,120,800,0.48,30.31218,78.030964,South Zone,2
149,Singhal Mandi,Dehradun,Uttarakhand,2005,25,120,800,0.48,28.850649,77.087795,South Zone,2
150,Laxman chowk(Rekha Srivastava),Dehradun,Uttarakhand,2005,25,120,400,0.24,30.316708,78.02436,South Zone,2
151,Vidya Vihar phase 2,Dehradun,Uttarakhand,2007,25,120,850,0.51,30.294864,78.023953,South Zone,2
152,Judge colony,Dehradun,Uttarakhand,2008,25,120,800,0.48,30.305338,78.060064,South Zone,2
153,Model colony,Dehradun,Uttarakhand,2008,25,120,850,0.51,30.30648,78.049625,South Zone,2
154,Rameshwer muhalla,Dehradun,Uttarakhand,2007,25,70,700,0.42,30.319297,78.032137,South Zone,2
155,Garhwal Sabha,Dehradun,Uttarakhand,2007,25,120,400,0.24,30.331341,78.039362,South Zone,2
156,Salawala,Dehradun,Uttarakhand,2007,15,120,400,0.24,30.341525,78.057344,South Zone,2
157,Green Valley,Dehradun,Uttarakhand,2010,25,120,500,0.3,30.349363,78.090513,South Zone,2
158,Ahir Mandi,Dehradun,Uttarakhand,2010,25,120,300,0.18,30.336012,78.047994,South Zone,2
159,Race course,Dehradun,Uttarakhand,2010,15,120,500,0.3,30.316983,78.044867,South Zone,2
160,Chander Singh Garwali Marg,Dehradun,Uttarakhand,2011,20,120,500,0.3,30.299289,78.048794,South Zone,2
161,Chukkhuwala near Sikhandi pradhan home,Dehradun,Uttarakhand,2016,25,120,600,0.36,30.330462,78.042471,South Zone,2
162,Indira colony,Dehradun,Uttarakhand,2016,40,140,400,0.24,30.322772,78.005249,South Zone,2
163,Sharma Tailors River side,Dehradun,Uttarakhand,2018,25,130,300,0.18,30.316346,78.032235,South Zone,2
164,Kaulagrah 1 OHT ,Dehradun,Uttarakhand,1981,NA,120,600,0.36,30.34879,78.01317,North Zone,3
165,Kaulagrah 2 Chungi ,Dehradun,Uttarakhand,1975,NA,120,700,0.42,30.350633,78.009817,North Zone,3
166,"Nachghar Rajendra Nagar, gali no. 2",Dehradun,Uttarakhand,1980,NA,120,600,0.36,30.341055,78.025458,North Zone,3
167,Rajendra Nagar gali no. 8,Dehradun,Uttarakhand,2009,NA,120,300,0.18,30.34143,78.02302,North Zone,3
168,Loharwala,Dehradun,Uttarakhand,1987,NA,120,300,0.18,30.34118,78.02917,North Zone,3
169,Vijay Park 1 (Assist Engineer Office),Dehradun,Uttarakhand,1979,NA,120,700,0.42,30.32664,78.01928,North Zone,3
170,Shree Ram Puram,Dehradun,Uttarakhand,1987,NA,120,1800,1.08,30.32483,78.01739,North Zone,3
171,Nimbuwala Kaulagarh,Dehradun,Uttarakhand,1986,NA,120,500,0.3,30.35033,78.0206,North Zone,3
172,Sirmaur,Dehradun,Uttarakhand,1982,NA,120,250,0.15,30.33879,78.02505,North Zone,3
173,Sitaram Mandir (Uddiwala),Dehradun,Uttarakhand,2005,NA,120,700,0.42,30.34934,78.0154,North Zone,3
174,Vijay Park 2,Dehradun,Uttarakhand,2007,NA,120,1250,0.75,30.32976,78.01924,North Zone,3
175,Rajendra Nagar gali no. 3,Dehradun,Uttarakhand,2008,NA,120,1500,0.9,30.3495,78.06973,North Zone,3
176,Rajendra Nagar gali no. 4,Dehradun,Uttarakhand,2009,NA,120,500,0.3,30.35001,78.07,North Zone,3
177,Yamuna Colony first,Dehradun,Uttarakhand,2014,NA,120,500,0.3,30.32853,78.02391,North Zone,3
178,Yamuna Colony second,Dehradun,Uttarakhand,2014,NA,120,500,0.3,30.32853,78.02391,North Zone,3
179,Ankit Vihar premnagar Mafi,Dehradun,Uttarakhand,2015,NA,120,800,0.48,30.336035,77.962355,North Zone,3
180,Bajwala,Dehradun,Uttarakhand,2016,NA,120,1000,0.6,30.33248,77.96155,North Zone,3
181,Rajendra nagar gali no. 8 (ADB),Dehradun,Uttarakhand,2018,NA,160,700,0.42,30.33775,78.02143,North Zone,3
182,Kaulagarh(ADB),Dehradun,Uttarakhand,2018,NA,160,900,0.54,30.33775,78.02143,North Zone,3
183,Kisan Nagar,Dehradun,Uttarakhand,2007,NA,120,400,0.24,30.33347,78.02657,North Zone,3
184,Vanasthali,Dehradun,Uttarakhand,2007,NA,120,300,0.18,30.33507,78.00919,North Zone,3
185,Chuna Bhatta Kaulagarh,Dehradun,Uttarakhand,2005,NA,120,500,0.3,30.35207,78.00716,North Zone,3
186,Shanti Vihar,Dehradun,Uttarakhand,2005,NA,120,300,0.18,30.2873,78.04165,North Zone,3
187,Govind Garh,Dehradun,Uttarakhand,2005,NA,120,500,0.3,30.32367,78.02025,North Zone,3
188,Ambedkar Marg primary school,Dehradun,Uttarakhand,2017,NA,110,500,0.3,30.32502,78.07469,North Zone,3
189,Hari Vihar (ADB),Dehradun,Uttarakhand,2018,NA,140,1800,1.08,30.330532,78.015289,North Zone,3
190,Masandawala,Dehradun,Uttarakhand,2008,NA,120,500,0.3,30.35674,77.99342,North Zone,3
191,Mitralok colony,Dehradun,Uttarakhand,2007,NA,120,500,0.3,30.33,78.02346,North Zone,3
192,Idgah,Dehradun,Uttarakhand,2008,NA,110,400,0.24,30.32851,78.02864,North Zone,3
193,Akashdeep,Dehradun,Uttarakhand,2008,NA,110,400,0.24,30.31175,78.03655,North Zone,3
194,Maalroad,Dehradun,Uttarakhand,2010,NA,110,400,0.24,30.33668,78.0344,North Zone,3
195,Durga Vihar,Dehradun,Uttarakhand,2010,NA,120,400,0.24,30.33669,78.01133,North Zone,3
196,GMS road (Vivek vihar),Dehradun,Uttarakhand,2010,NA,110,400,0.24,30.32604,78.01329,North Zone,3
197,Rajnikunj,Dehradun,Uttarakhand,2017,NA,110,250,0.15,30.33535,78.0245,North Zone,3
198,Kailashpuri,Dehradun,Uttarakhand,2018,NA,110,700,0.42,30.33464,78.01989,North Zone,3
199,MDDA Dalanwala,Dehradun,Uttarakhand,1990,NA,120,1200,0.72,30.31238,78.06341,North Zone,3
200,Adhoiwala (Shivlok),Dehradun,Uttarakhand,1999,NA,120,300,0.18,30.31899,78.07339,North Zone,3
201,Brahmawalakhala 1 (Mayurvihar),Dehradun,Uttarakhand,1998,NA,175,1200,0.72,30.34257,78.06931,North Zone,3
202,Vanivihar,Dehradun,Uttarakhand,1981,NA,120,1500,0.9,30.31485,78.07003,North Zone,3
203,Nunur kheda,Dehradun,Uttarakhand,2005,NA,140,1200,0.72,30.331719,78.078602,North Zone,3
204,Kanankunj,Dehradun,Uttarakhand,2006,NA,140,1200,0.72,30.32753,78.06786,North Zone,3
205,Badrish colony,Dehradun,Uttarakhand,2008,NA,140,1000,0.6,30.302908,78.063392,North Zone,3
206,Ekta Vihar,Dehradun,Uttarakhand,2008,NA,175,1200,0.72,30.33771,78.07232,North Zone,3
207,Brahmawalakhala 2(SJRR School),Dehradun,Uttarakhand,2010,NA,175,1200,0.72,30.39516,78.07533,North Zone,3
208,Chuna Bhatta (OHT 1),Dehradun,Uttarakhand,2009,NA,120,1200,0.72,30.35207,78.00716,North Zone,3
209,Sahasdhara crossing,Dehradun,Uttarakhand,2010,NA,120,1200,0.72,30.32379,78.06404,North Zone,3
210,Adhoiwala 2 Shakti Vihar,Dehradun,Uttarakhand,2010,NA,150,1000,0.6,30.32686,78.06192,North Zone,3
211,Adhoiwala Hostel,Dehradun,Uttarakhand,2014,NA,140,1200,0.72,30.32683,78.06182,North Zone,3
212,Rajiv nagar Danda,Dehradun,Uttarakhand,2015,NA,120,1200,0.72,30.29507,78.06014,North Zone,3
213,Mangluwala,Dehradun,Uttarakhand,2016,NA,120,300,0.18,30.32954,78.09039,North Zone,3
214,Dashmesh Vihar,Dehradun,Uttarakhand,2017,NA,120,1000,0.6,30.3244,78.07054,North Zone,3
215,Aman Vihar( Jal Nigam),Dehradun,Uttarakhand,2018,NA,115,1000,0.6,30.33562,78.0554,North Zone,3
216,Gangotri Vihar( Jal Nigam),Dehradun,Uttarakhand,2019,NA,170,1000,0.6,30.32376,78.00439,North Zone,3
217,Saraswati Vihar,Dehradun,Uttarakhand,2005,NA,120,300,0.18,30.29168,78.03523,North Zone,3
218,Chidowali,Dehradun,Uttarakhand,2007,NA,120,400,0.24,30.34925,78.06783,North Zone,3
219,Mandakaini Vihar,Dehradun,Uttarakhand,2008,NA,120,80,0.048,30.34644,78.07396,North Zone,3
220,Azad Nagar,Dehradun,Uttarakhand,2008,NA,120,400,0.24,30.34558,78.06222,North Zone,3
221,Sunderwala Aamwal tarla 1,Dehradun,Uttarakhand,2019,NA,120,500,0.3,30.319525,78.08511,North Zone,3
222,Sunderwala Aamwal tarla 2,Dehradun,Uttarakhand,2019,NA,90,500,0.3,30.319803,78.083511,North Zone,3
223,Sunderwala,Dehradun,Uttarakhand,2019,NA,220,1100,0.66,30.32197,78.08658,North Zone,3
224,D L road,Dehradun,Uttarakhand,2003,NA,140,1200,0.72,30.33467,78.06243,North Zone,3
225,Johadi gaon,Dehradun,Uttarakhand,2006,NA,110,300,0.18,30.36995,78.06893,North Zone,3
226,Himalayan Garden(Kothal wali),Dehradun,Uttarakhand,2007,NA,120,600,0.36,30.36567,78.07002,North Zone,3
227,Sinaula,Dehradun,Uttarakhand,2009,NA,110,400,0.24,30.38288,78.06947,North Zone,3
228,Bhagirathi Puram,Dehradun,Uttarakhand,2010,NA,120,400,0.24,30.36299,78.06162,North Zone,3
229,Vivek Vihar 2( Bapunagar),Dehradun,Uttarakhand,2006,NA,120,400,0.24,30.358749,78.060027,North Zone,3
230,Chidowali Nagar Nigam park,Dehradun,Uttarakhand,2017,NA,140,300,0.18,30.32028,78.04287,North Zone,3
231,Bima Vihar (ADB),Dehradun,Uttarakhand,2019,NA,250,300,0.18,30.33775,78.02143,North Zone,3
232,Vasant vihar no 1,Dehradun,Uttarakhand,1973,85,110,1500,NA,30.3203,78.00207,Pithuwala,4
233,Vasant vihar no 2,Dehradun,Uttarakhand,1983,52,105,1500,NA,30.32378,77.99888,Pithuwala,4
234,Vasant vihar phase 1,Dehradun,Uttarakhand,NA,25,80,500,NA,30.32866,77.99741,Pithuwala,4
235,Maharani bag,Dehradun,Uttarakhand,2003,85,120,2000,NA,30.3311,78.00905,Pithuwala,4
236,Panditwadi,Dehradun,Uttarakhand,2005,85,120,1800,NA,30.33009,77.98813,Pithuwala,4
237,Indirangar no 1,Dehradun,Uttarakhand,1972,52,85,1400,NA,30.31865,78.00365,Pithuwala,4
238,Indirangar no 2,Dehradun,Uttarakhand,2001,25,85,400,NA,30.31162,77.99957,Pithuwala,4
239,Indiranagar no 3,Dehradun,Uttarakhand,2005,62,120,1600,NA,30.31259,77.99993,Pithuwala,4
240,Indiranagar no 4,Dehradun,Uttarakhand,NA,62,120,1600,NA,30.31057,77.99833,Pithuwala,4
241,GSM Road (Kawli),Dehradun,Uttarakhand,2004,75,75,1800,NA,30.32685,78.00106,Pithuwala,4
242,Ashok park(Niranjanpur),Dehradun,Uttarakhand,2006,40,65,1400,NA,30.30483,78.01194,Pithuwala,4
243,Shaktivihar(Majra),Dehradun,Uttarakhand,2006,40,65,1400,NA,30.29511,78.00705,Pithuwala,4
244,Engineer Enclave,Dehradun,Uttarakhand,1996,52,85,1000,NA,30.31176,78.00669,Pithuwala,4
245,Indira Puram,Dehradun,Uttarakhand,1987,75,85,1800,NA,30.30864,78.00937,Pithuwala,4
246,Ashirwaad Enclave mini,Dehradun,Uttarakhand,2008,17.5,100,400,NA,30.33293,78.00861,Pithuwala,4
247,Green park (Ballupur Chowk),Dehradun,Uttarakhand,2008,17.5,65,350,NA,30.33243,78.00937,Pithuwala,4
248,Hill view colony,Dehradun,Uttarakhand,2014,85,120,1800,NA,30.33413,77.95098,Pithuwala,4
249,kawli road,Dehradun,Uttarakhand,2009,62,120,1500,NA,30.32372,78.00812,Pithuwala,4
250,Milan vihar 1,Dehradun,Uttarakhand,2013,75,120,1800,NA,30.31143,78.01113,Pithuwala,4
251,Vasant vihar phase 2,Dehradun,Uttarakhand,2012,62,120,1800,NA,30.324,77.99765,Pithuwala,4
252,Vyompresth (mini),Dehradun,Uttarakhand,2017,20,85,500,NA,30.314421,78.010007,Pithuwala,4
253,Subhasnagar,Dehradun,Uttarakhand,2003,52,70,1500,NA,30.27775,77.99272,Pithuwala,4
254,Lower Majra 1,Dehradun,Uttarakhand,2008,41,70,1500,NA,30.29396,78.00397,Pithuwala,4
255,Lower Majra 2,Dehradun,Uttarakhand,2012,75,100,2000,NA,30.29328,78.00393,Pithuwala,4
256,Niranjanpur (ITI),Dehradun,Uttarakhand,2012,75,100,2000,NA,30.30053,78.00789,Pithuwala,4
257,Deepnagar 1,Dehradun,Uttarakhand,2006,62,120,1500,NA,30.306378,78.097541,Pithuwala,4
258,Deepnagar 2,Dehradun,Uttarakhand,NA,52,100,1500,NA,30.35973,78.09032,Pithuwala,4
259,Ajabpur Mothrawala (Bangalikothi),Dehradun,Uttarakhand,2008,41,60,1500,NA,30.28425,78.0392,Pithuwala,4
260,Vidyavihar Kargi (Mini),Dehradun,Uttarakhand,2006,12.5,75,350,NA,30.30035,78.02643,Pithuwala,4
261,Shanti vihar mini,Dehradun,Uttarakhand,2016,35,90,700,NA,30.32024,78.07024,Pithuwala,4
262,TDHC Ajabpur (Chankyapuri),Dehradun,Uttarakhand,1990,62,85,1500,NA,30.281209,78.041076,Pithuwala,4
263,Lower Kargi,Dehradun,Uttarakhand,2017,25,75,600,NA,30.28494,78.02381,Pithuwala,4
264,Upper Kargi,Dehradun,Uttarakhand,2017,75,100,1000,NA,30.28494,78.02381,Pithuwala,4
265,Mohabbewala no. 1,Dehradun,Uttarakhand,1978,47,70,1000,NA,30.2734,77.98158,Pithuwala,4
266,Mohabbewala no. 2,Dehradun,Uttarakhand,1981,25,90,400,NA,30.27337,77.98167,Pithuwala,4
267,Mohabbewala no. 3,Dehradun,Uttarakhand,2006,25,90,350,NA,30.27334,77.98175,Pithuwala,4
268,Patiya Mohabbewala mini,Dehradun,Uttarakhand,2006,15,66,500,NA,30.276585,77.985798,Pithuwala,4
269,Sewla Khurd,Dehradun,Uttarakhand,1997,30,72,350,NA,30.28214,77.99119,Pithuwala,4
270,Asima vihar( Sewla khurd),Dehradun,Uttarakhand,2006,33,55,1800,NA,30.28224,77.99848,Pithuwala,4
271,Sewla kala,Dehradun,Uttarakhand,1985,75,85,2000,NA,30.30014,78.00384,Pithuwala,4
272,Asha road,Dehradun,Uttarakhand,2006,25,80,300,NA,30.32669,78.00698,Pithuwala,4
273,Telpur,Dehradun,Uttarakhand,1984,52,85,1600,NA,30.31145,77.98028,Pithuwala,4
274,Arcadia no 1,Dehradun,Uttarakhand,1980,30,65,1000,NA,30.40238,78.08125,Pithuwala,4
275,Arcadia no 2,Dehradun,Uttarakhand,1981,30,65,1000,NA,30.40238,78.08125,Pithuwala,4
276,Smitnagar,Dehradun,Uttarakhand,1999,50,55,1800,NA,30.329185,77.95097,Pithuwala,4
277,Harbanswala,Dehradun,Uttarakhand,2006,52,90,1000,NA,30.30976,77.98981,Pithuwala,4
278,Mehuwala mini,Dehradun,Uttarakhand,2004,25,76,500,NA,30.291565,77.972541,Pithuwala,4
279,Badowala mini,Dehradun,Uttarakhand,2008,20,75,400,NA,30.299644,77.945507,Pithuwala,4
280,Sewli,Dehradun,Uttarakhand,2016,20,110,500,NA,30.30868,77.93911,Pithuwala,4
281,Mohanpur mini,Dehradun,Uttarakhand,2018,35,100,1000,NA,30.331472,77.960497,Pithuwala,4
282,Bhuttowala mini,Dehradun,Uttarakhand,2012,25,85,600,NA,30.283279,77.97479,Pithuwala,4
283,Transport nagar phase 1(mini),Dehradun,Uttarakhand,2003,15,100,800,NA,30.27924,77.99072,Pithuwala,4
284,Transport nagar phase 2,Dehradun,Uttarakhand,2014,25,140,400,NA,30.27924,77.99072,Pithuwala,4
285,THDC Banjarwala,Dehradun,Uttarakhand,1979,17.5,70,1000,NA,30.28125,78.04089,Pithuwala,4
286,Mothrawala,Dehradun,Uttarakhand,2014,40,90,800,NA,30.26171,78.0338,Pithuwala,4
287,Banjarawala,Dehradun,Uttarakhand,2016,40,90,1000,NA,30.27817,78.02788,Pithuwala,4
288,Sachivalaya colony 1 mini,Dehradun,Uttarakhand,2019,17.5,90,400,NA,30.281554,78.041221,Pithuwala,4
289,Sachivalaya colony 2 mini,Dehradun,Uttarakhand,2019,17.5,90,350,NA,30.281968,78.04084,Pithuwala,4
